{
  "providers": {
    "awscloudformation": {
      "AuthRoleName": "amplify-team8webapp-prod-174010-authRole",
      "UnauthRoleArn": "arn:aws:iam::274815321855:role/amplify-team8webapp-prod-174010-unauthRole",
      "AuthRoleArn": "arn:aws:iam::274815321855:role/amplify-team8webapp-prod-174010-authRole",
      "Region": "us-east-1",
      "DeploymentBucketName": "amplify-team8webapp-prod-174010-deployment",
      "UnauthRoleName": "amplify-team8webapp-prod-174010-unauthRole",
      "StackName": "amplify-team8webapp-prod-174010",
      "StackId": "arn:aws:cloudformation:us-east-1:274815321855:stack/amplify-team8webapp-prod-174010/1bf16d30-4d9b-11ed-acb2-0ad36f0e51dd",
      "AmplifyAppId": "dba077ats0h1x"
    }
  }
}